{
  "feature_order": [
    "days_ratio",
    "spend_mtd",
    "avg_daily",
    "last7_sum",
    "last7_vs_base",
    "small_cnt",
    "recurring_cnt",
    "food_mtd",
    "food_ratio",
    "grocery_mtd",
    "grocery_ratio",
    "leisure_mtd",
    "leisure_ratio",
    "travel_mtd",
    "travel_ratio",
    "work_mtd",
    "work_ratio",
    "bills_mtd",
    "bills_ratio",
    "budget_gap_total"
  ],
  "mean": [
    0.5645161271095276,
    2765.0,
    152.4166717529297,
    1765.0,
    1.5224785804748535,
    2.0,
    0.0,
    250.0,
    0.09798802435398102,
    15.0,
    0.003916448913514614,
    600.0,
    0.25479957461357117,
    0.0,
    0.0,
    900.0,
    0.38219937682151794,
    1000.0,
    0.2610965967178345,
    5235.0
  ],
  "std": [
    0.08064615726470947,
    1065.0,
    39.08333206176758,
    965.0,
    0.5140761137008667,
    1.0000009536743164,
    9.999999974752427e-07,
    50.0,
    0.019660038873553276,
    15.000000953674316,
    0.003917448688298464,
    9.999999974752427e-07,
    0.098142609000206,
    9.999999974752427e-07,
    9.999999974752427e-07,
    9.999999974752427e-07,
    0.1472134292125702,
    1000.0,
    0.26109760999679565,
    1065.0
  ]
}