{
  "feature_order": [
    "days_ratio",
    "spend_mtd",
    "avg_daily",
    "last7_sum",
    "last7_vs_base",
    "small_cnt",
    "recurring_cnt",
    "food_mtd",
    "food_ratio",
    "grocery_mtd",
    "grocery_ratio",
    "leisure_mtd",
    "leisure_ratio",
    "travel_mtd",
    "travel_ratio",
    "work_mtd",
    "work_ratio",
    "bills_mtd",
    "bills_ratio",
    "budget_gap_total"
  ],
  "mean": [
    0.35333335399627686,
    2002.0,
    230.13589477539062,
    922.0,
    0.6272002458572388,
    3.5999999046325684,
    1.7999999523162842,
    0.0,
    0.0,
    132.0,
    0.056639861315488815,
    600.0,
    0.3118969202041626,
    0.0,
    0.0,
    1270.0,
    0.6314631700515747,
    0.0,
    0.0,
    11198.0
  ],
  "std": [
    0.13759845495224,
    358.4075927734375,
    110.77291107177734,
    260.7220764160156,
    0.18860110640525818,
    4.12795352935791,
    2.3999998569488525,
    0.0010000000474974513,
    0.0010000000474974513,
    162.89874267578125,
    0.06906120479106903,
    0.0010000000474974513,
    0.06891501694917679,
    0.0010000000474974513,
    0.0010000000474974513,
    260.0,
    0.058176737278699875,
    0.0010000000474974513,
    0.0010000000474974513,
    358.4075927734375
  ]
}